{"entities":{"pages":{"starter-topic":{"id":"starter-topic","title":"About Adventure2024","url":"starter-topic.html","level":0,"tabIndex":0},"Securely-Provision":{"id":"Securely-Provision","title":"Securely Provision","url":"securely-provision.html","level":0,"pages":["Anomaily-1","Anomaly-02-Passphrase-Probing","Anomaly-74-76-Tears-of-the-Analyst-C-Class-Reversing-All-Parts"],"tabIndex":1},"Anomaily-1":{"id":"Anomaily-1","title":"Anomaily 1","url":"anomaily-1.html","level":1,"parentId":"Securely-Provision","tabIndex":0},"Anomaly-02-Passphrase-Probing":{"id":"Anomaly-02-Passphrase-Probing","title":"Anomaly 02 - Passphrase Probing","url":"anomaly-02-passphrase-probing.html","level":1,"parentId":"Securely-Provision","tabIndex":1},"Anomaly-74-76-Tears-of-the-Analyst-C-Class-Reversing-All-Parts":{"id":"Anomaly-74-76-Tears-of-the-Analyst-C-Class-Reversing-All-Parts","title":"Anomaly 74-76 - Tears of the Analyst-C++ Class Reversing - All Parts","url":"anomaly-74-76-tears-of-the-analyst-c-class-reversing-all-parts.html","level":1,"parentId":"Securely-Provision","tabIndex":2},"Protect-and-Defend":{"id":"Protect-and-Defend","title":"Protect and Defend","url":"protect-and-defend.html","level":0,"pages":["Anomaly-21-25-TPS-Report-All-Parts","Anomaly-26-28-Nice-Day-for-Phishing-All-Ticket","Anomaly-30-Trivia-02","Anomaly-31-Trivia-03","Anomaly-32-Trivia-04","Anomaly-33-Trivia-05","Anomaly-34-Trivia-06","Anomaly-35-Trivia-07","Anomaly-36-Trivia-08","Anomaly-37-Trivia-09","Anomaly-38-Trivia-10","Anomaly-43-Trivia-15","Anomaly-44-Trivia-16","Anomaly-45-Trivia-17","Anomaly-46-Trivia-18","Anomaly-47-Trivia-19"],"tabIndex":2},"Anomaly-21-25-TPS-Report-All-Parts":{"id":"Anomaly-21-25-TPS-Report-All-Parts","title":"Anomaly 21-25 - TPS Report - All Parts","url":"anomaly-21-25-tps-report-all-parts.html","level":1,"parentId":"Protect-and-Defend","tabIndex":0},"Anomaly-26-28-Nice-Day-for-Phishing-All-Ticket":{"id":"Anomaly-26-28-Nice-Day-for-Phishing-All-Ticket","title":"Anomaly 26-28 - Nice Day for Phishing - All Ticket","url":"anomaly-26-28-nice-day-for-phishing-all-ticket.html","level":1,"parentId":"Protect-and-Defend","tabIndex":1},"Anomaly-30-Trivia-02":{"id":"Anomaly-30-Trivia-02","title":"Anomaly 30 - Trivia 02","url":"anomaly-30-trivia-02.html","level":1,"parentId":"Protect-and-Defend","tabIndex":2},"Anomaly-31-Trivia-03":{"id":"Anomaly-31-Trivia-03","title":"Anomaly 31 - Trivia 03","url":"anomaly-31-trivia-03.html","level":1,"parentId":"Protect-and-Defend","tabIndex":3},"Anomaly-32-Trivia-04":{"id":"Anomaly-32-Trivia-04","title":"Anomaly 32 - Trivia 04","url":"anomaly-32-trivia-04.html","level":1,"parentId":"Protect-and-Defend","tabIndex":4},"Anomaly-33-Trivia-05":{"id":"Anomaly-33-Trivia-05","title":"Anomaly 33 - Trivia 05","url":"anomaly-33-trivia-05.html","level":1,"parentId":"Protect-and-Defend","tabIndex":5},"Anomaly-34-Trivia-06":{"id":"Anomaly-34-Trivia-06","title":"Anomaly 34 - Trivia 06","url":"anomaly-34-trivia-06.html","level":1,"parentId":"Protect-and-Defend","tabIndex":6},"Anomaly-35-Trivia-07":{"id":"Anomaly-35-Trivia-07","title":"Anomaly 35 - Trivia 07","url":"anomaly-35-trivia-07.html","level":1,"parentId":"Protect-and-Defend","tabIndex":7},"Anomaly-36-Trivia-08":{"id":"Anomaly-36-Trivia-08","title":"Anomaly 36 - Trivia 08","url":"anomaly-36-trivia-08.html","level":1,"parentId":"Protect-and-Defend","tabIndex":8},"Anomaly-37-Trivia-09":{"id":"Anomaly-37-Trivia-09","title":"Anomaly 37 - Trivia 09","url":"anomaly-37-trivia-09.html","level":1,"parentId":"Protect-and-Defend","tabIndex":9},"Anomaly-38-Trivia-10":{"id":"Anomaly-38-Trivia-10","title":"Anomaly 38 - Trivia 10","url":"anomaly-38-trivia-10.html","level":1,"parentId":"Protect-and-Defend","tabIndex":10},"Anomaly-43-Trivia-15":{"id":"Anomaly-43-Trivia-15","title":"Anomaly 43 - Trivia 15","url":"anomaly-43-trivia-15.html","level":1,"parentId":"Protect-and-Defend","tabIndex":11},"Anomaly-44-Trivia-16":{"id":"Anomaly-44-Trivia-16","title":"Anomaly 44 - Trivia 16","url":"anomaly-44-trivia-16.html","level":1,"parentId":"Protect-and-Defend","tabIndex":12},"Anomaly-45-Trivia-17":{"id":"Anomaly-45-Trivia-17","title":"Anomaly 45 - Trivia 17","url":"anomaly-45-trivia-17.html","level":1,"parentId":"Protect-and-Defend","tabIndex":13},"Anomaly-46-Trivia-18":{"id":"Anomaly-46-Trivia-18","title":"Anomaly 46 - Trivia 18","url":"anomaly-46-trivia-18.html","level":1,"parentId":"Protect-and-Defend","tabIndex":14},"Anomaly-47-Trivia-19":{"id":"Anomaly-47-Trivia-19","title":"Anomaly 47 - Trivia 19","url":"anomaly-47-trivia-19.html","level":1,"parentId":"Protect-and-Defend","tabIndex":15},"Analyze":{"id":"Analyze","title":"Analyze","url":"analyze.html","level":0,"pages":["Anomaly-05-gURLs-Just-Want-to-Have-Fun-Part-01","Anomaly-12-15-While-My-WAF-Gently-Weeps-All-Parts","Anomaly-17-Ste-what-graphy-v2","Anomaly-18-19-Another-Code-of-Many-Colors-All-Parts"],"tabIndex":3},"Anomaly-05-gURLs-Just-Want-to-Have-Fun-Part-01":{"id":"Anomaly-05-gURLs-Just-Want-to-Have-Fun-Part-01","title":"Anomaly 05-11 - gURLs Just Want to Have Fun - All Parts","url":"anomaly-05-gurls-just-want-to-have-fun-part-01.html","level":1,"parentId":"Analyze","tabIndex":0},"Anomaly-12-15-While-My-WAF-Gently-Weeps-All-Parts":{"id":"Anomaly-12-15-While-My-WAF-Gently-Weeps-All-Parts","title":"Anomaly 12-15 - While My WAF Gently Weeps - All Parts","url":"anomaly-12-15-while-my-waf-gently-weeps-all-parts.html","level":1,"parentId":"Analyze","tabIndex":1},"Anomaly-17-Ste-what-graphy-v2":{"id":"Anomaly-17-Ste-what-graphy-v2","title":"Anomaly 17 - Ste-what-graphy v2","url":"anomaly-17-ste-what-graphy-v2.html","level":1,"parentId":"Analyze","tabIndex":2},"Anomaly-18-19-Another-Code-of-Many-Colors-All-Parts":{"id":"Anomaly-18-19-Another-Code-of-Many-Colors-All-Parts","title":"Anomaly 18-19 - Another Code of Many Colors - All Parts","url":"anomaly-18-19-another-code-of-many-colors-all-parts.html","level":1,"parentId":"Analyze","tabIndex":3},"Oversee-and-Govern":{"id":"Oversee-and-Govern","title":"Oversee and Govern","url":"oversee-and-govern.html","level":0,"pages":["Anomaly-29-Trivia-01","Anomaly-16"],"tabIndex":4},"Anomaly-29-Trivia-01":{"id":"Anomaly-29-Trivia-01","title":"Anomaly 29 - Trivia 01","url":"anomaly-29-trivia-01.html","level":1,"parentId":"Oversee-and-Govern","tabIndex":0},"Anomaly-16":{"id":"Anomaly-16","title":"Anomaly 16 - COn365nt is Key","url":"anomaly-16.html","level":1,"parentId":"Oversee-and-Govern","tabIndex":1},"Energy":{"id":"Energy","title":"Energy","url":"energy.html","level":0,"pages":["Anomaly-39-Trivia-11","Anomaly-40-Trivia-12","Anomaly-41-Trivia-13","Anomaly-42-Trivia-14","Anomaly-48-Trivia-20"],"tabIndex":5},"Anomaly-39-Trivia-11":{"id":"Anomaly-39-Trivia-11","title":"Anomaly 39 - Trivia 11","url":"anomaly-39-trivia-11.html","level":1,"parentId":"Energy","tabIndex":0},"Anomaly-40-Trivia-12":{"id":"Anomaly-40-Trivia-12","title":"Anomaly 40 - Trivia 12","url":"anomaly-40-trivia-12.html","level":1,"parentId":"Energy","tabIndex":1},"Anomaly-41-Trivia-13":{"id":"Anomaly-41-Trivia-13","title":"Anomaly 41 - Trivia 13","url":"anomaly-41-trivia-13.html","level":1,"parentId":"Energy","tabIndex":2},"Anomaly-42-Trivia-14":{"id":"Anomaly-42-Trivia-14","title":"Anomaly 42 - Trivia 14","url":"anomaly-42-trivia-14.html","level":1,"parentId":"Energy","tabIndex":3},"Anomaly-48-Trivia-20":{"id":"Anomaly-48-Trivia-20","title":"Anomaly 48 - Trivia 20","url":"anomaly-48-trivia-20.html","level":1,"parentId":"Energy","tabIndex":4},"Investigate":{"id":"Investigate","title":"Investigate","url":"investigate.html","level":0,"pages":["Anomaly-49-Knock-Knock…Who’s-There","Anomaly-50-Sloggin-through-these-logins"],"tabIndex":6},"Anomaly-49-Knock-Knock…Who’s-There":{"id":"Anomaly-49-Knock-Knock…Who’s-There","title":"Anomaly 49 - Knock Knock…Who’s There?","url":"anomaly-49-knock-knock-who-s-there.html","level":1,"parentId":"Investigate","tabIndex":0},"Anomaly-50-Sloggin-through-these-logins":{"id":"Anomaly-50-Sloggin-through-these-logins","title":"Anomaly 50 - Sloggin through these logins","url":"anomaly-50-sloggin-through-these-logins.html","level":1,"parentId":"Investigate","tabIndex":1},"Operate-and-Maintain":{"id":"Operate-and-Maintain","title":"Operate and Maintain","url":"operate-and-maintain.html","level":0,"pages":["Anomaly-51-Img-Analysis"],"tabIndex":7},"Anomaly-51-Img-Analysis":{"id":"Anomaly-51-Img-Analysis","title":"Anomaly 51 - Img Analysis","url":"anomaly-51-img-analysis.html","level":1,"parentId":"Operate-and-Maintain","tabIndex":0}}},"topLevelIds":["starter-topic","Securely-Provision","Protect-and-Defend","Analyze","Oversee-and-Govern","Energy","Investigate","Operate-and-Maintain"]}